feature,Pregnancies,Glucose,BloodPressure,SkinThickness,Insulin,BMI,DiabetesPedigreeFunction,Age
Pregnancies,1.000000,0.240082,0.345609,-0.055671,-0.412741,0.093476,-0.052619,0.873315
Glucose,0.240082,1.000000,0.352590,0.164406,0.129702,0.338583,0.119403,0.403318
BloodPressure,0.345609,0.352590,1.000000,0.180568,-0.099542,0.368999,-0.005252,0.490940
SkinThickness,-0.055671,0.164406,0.180568,1.000000,0.675386,0.707515,0.221519,0.002774
Insulin,-0.412741,0.129702,-0.099542,0.675386,1.000000,0.216170,0.352858,-0.353192
BMI,0.093476,0.338583,0.368999,0.707515,0.216170,1.000000,0.145066,0.155133
DiabetesPedigreeFunction,-0.052619,0.119403,-0.005252,0.221519,0.352858,0.145066,1.000000,0.052099
Age,0.873315,0.403318,0.490940,0.002774,-0.353192,0.155133,0.052099,1.000000
