feature,Pregnancies,Glucose,BloodPressure,SkinThickness,Insulin,BMI,DiabetesPedigreeFunction,Age
Pregnancies,2.232558,1.137006,1.215433,0.968047,0.761628,1.051991,0.970930,1.668417
Glucose,1.137006,2.037135,1.202435,1.087576,1.066313,1.178552,1.061008,1.221186
BloodPressure,1.215433,1.202435,2.200573,1.103268,0.945559,1.209739,0.997135,1.295499
SkinThickness,0.968047,1.087576,1.103268,2.081301,1.403794,1.432937,1.116531,1.001486
Insulin,0.761628,1.066313,0.945559,1.403794,2.000000,1.109948,1.182292,0.811828
BMI,1.051991,1.178552,1.209739,1.432937,1.109948,2.010471,1.073298,1.080898
DiabetesPedigreeFunction,0.970930,1.061008,0.997135,1.116531,1.182292,1.073298,2.000000,1.026882
Age,1.668417,1.221186,1.295499,1.001486,0.811828,1.080898,1.026882,2.064516
