feature,Pregnancies,Glucose,BloodPressure,SkinThickness,Insulin,BMI,DiabetesPedigreeFunction,Age
Pregnancies,1.000000,0.121176,0.177098,-0.027678,-0.214710,0.046587,-0.026184,0.583536
Glucose,0.121176,1.000000,0.181415,0.082698,0.065115,0.174416,0.059906,0.210506
BloodPressure,0.177098,0.181415,1.000000,0.090636,-0.049686,0.190425,-0.002615,0.261388
SkinThickness,-0.027678,0.082698,0.090636,1.000000,0.388317,0.414181,0.112065,0.001385
Insulin,-0.214710,0.065115,-0.049686,0.388317,1.000000,0.109376,0.182292,-0.182381
BMI,0.046587,0.174416,0.190425,0.414181,0.109376,1.000000,0.072918,0.078001
DiabetesPedigreeFunction,-0.026184,0.059906,-0.002615,0.112065,0.182292,0.072918,1.000000,0.026054
Age,0.583536,0.210506,0.261388,0.001385,-0.182381,0.078001,0.026054,1.000000
