feature,Pregnancies,Glucose,BloodPressure,SkinThickness,Insulin,BMI,DiabetesPedigreeFunction,Age
Pregnancies,1.000000,0.121823,0.178298,-0.027857,-0.215999,0.046841,-0.026328,0.587239
Glucose,0.121823,1.000000,0.182144,0.082766,0.065126,0.174443,0.059916,0.210603
BloodPressure,0.178298,0.182144,1.000000,0.091032,-0.049895,0.191248,-0.002626,0.262367
SkinThickness,-0.027857,0.082766,0.091032,1.000000,0.388719,0.414552,0.112152,0.001387
Insulin,-0.215999,0.065126,-0.049895,0.388719,1.000000,0.109378,0.182292,-0.182476
BMI,0.046841,0.174443,0.191248,0.414552,0.109378,1.000000,0.072919,0.078039
DiabetesPedigreeFunction,-0.026328,0.059916,-0.002626,0.112152,0.182292,0.072919,1.000000,0.026067
Age,0.587239,0.210603,0.262367,0.001387,-0.182476,0.078039,0.026067,1.000000
