feature,Pregnancies,Glucose,BloodPressure,SkinThickness,Insulin,BMI,DiabetesPedigreeFunction,Age
Pregnancies,1.000000,0.131434,0.185907,-0.071385,-0.101409,0.010539,-0.043873,0.604044
Glucose,0.131434,1.000000,0.234926,0.061520,0.208885,0.231189,0.094363,0.286336
BloodPressure,0.185907,0.234926,1.000000,0.127512,0.001103,0.288542,0.033150,0.349816
SkinThickness,-0.071385,0.061520,0.127512,1.000000,0.547120,0.431679,0.161336,-0.064400
Insulin,-0.101409,0.208885,0.001103,0.547120,1.000000,0.172181,0.184988,-0.094485
BMI,0.010539,0.231189,0.288542,0.431679,0.172181,1.000000,0.139032,0.129228
DiabetesPedigreeFunction,-0.043873,0.094363,0.033150,0.161336,0.184988,0.139032,1.000000,0.047917
Age,0.604044,0.286336,0.349816,-0.064400,-0.094485,0.129228,0.047917,1.000000
